{"composed_rules": {"Disease": [["PROPN", "' s disease", 2], ["NOUN", "attack", 2], ["in patient with", "' s disease", 0], ["of", "' s disease", 0], ["polymorphous", "ADJ NOUN", 1], ["bromocriptine - induce", "NOUN", 1], ["nitroprusside - induce", "NOUN", 1], ["disease||pd", "PROPN", 3], ["crf", "PROPN", 3], ["isoproterenol - induce", "in rat", 0], ["heparin - induce", "NOUN", 1], ["metronidazole - induce", "NOUN", 1], ["barrier during acute", "NOUN", 1], ["pressure||systolic", "PROPN", 3], ["induce", "in conscious", 0], ["- induce", "in conscious", 0], ["renal disease (", ")", 0], ["anesthesia - induce", ".", 0], ["anesthesia - induce", ". [END]", 0], ["renal disease (", "PROPN", 1], ["crf or", "PROPN", 1], ["dexamethasone - induce", "NOUN", 1], ["anesthesia - induce", "NOUN", 1], ["NOUN", "mellitus .", 2]], "Chemical": [["ergotamine /", "NOUN", 1], ["NOUN", "- induce hypertension", 2], ["ergotamine /", "(", 0], ["NOUN", "- induce anxiety", 2], ["in", "- induce hypertension", 0], ["cyclosporine and", "NOUN", 1], ["increase effect of", "NOUN", 1], ["to", "- induce artery", 0], ["ketamine and", "on", 0], ["of", "- induce cardiotoxicity", 0]]}, "string_token_rules": {"Disease": ["proteinuria", "esrd", "thrombosis", "tremor", "hepatotoxicity", "hypertensive", "thrombotic microangiopathy", "thrombocytopenia", "akathisia", "confusion", "ventricular tachycardia", "rheumatoid arthritis", "delirium", "schizophrenia", "pulmonary hypertension", "angioedema", "crohn", "mental confusion", "pseudoacromegaly", "tremor severity", "polymorphous ventricular tachycardia", "primary pulmonary hypertension", "sepsis", "acromegaly", "eosinophilia", "spontaneously hypertensive rat", "angiosarcoma"], "Chemical": ["nicotine", "morphine", "haloperidol", "warfarin", "clonidine", "creatinine", "sirolimus", "tacrolimus", "isoproterenol", "cyclophosphamide", "cocaine", "cisplatin", "lidocaine", "testosterone", "ketamine", "caffeine", "paclitaxel", "gentamicin", "ketoconazole", "doxorubicin", "creatinine clearance", "propofol", "serum creatinine", "epo", "norepinephrine", "gemcitabine", "isoniazid", "cannabis", "dexamethasone", "corticosteroid", "phenobarbitone", "isoproterenol pretreatment", "nicotine lozenge", "prednisolone", "receive tacrolimus", "ciprofloxacin", "tamoxifen", "cocaine abuse", "gentamicin sulfate", "clopidogrel", "infusional cyclophosphamide"]}}